name,price
Heinz Barbekü Sos 250gr,139.9
Heinz Hp Barbekü Sos 465gr,199.9
K.kükrer Nar Ekşisi 250ml Cam,279.9
Zel Ilikli Kemik Suyu 480ml,62.0
Kemal Kükrer Soya Sosu 250ml Cam,169.9
Calve Sos 240gr Cheddar,89.9
Tat Sos Barbekü 250gr,98.0
Tat Sos Ranch 220gr,98.0
Heinz Sarımsak Sosu 230gr,139.9
Heinz Amerikan Burger Sosu 230gr,139.9
Heinz Hot Chılı Sos 245gr,139.9
Heinz Hardal 240gr Mild,167.9
Calve Sos Hardal 260gr Ballı,139.0
Heinz Hardal 445gr,259.9
Kühne Nar Ekşisi 250ml %100 Cam,171.68
Sosero Acuka 290gr Cam,99.9
Sosero Acı Biber Sos 355gr Cam,114.9
Calve Sos Hardal 250gr,125.0
Calve Sos 265gr Acı,89.9
Calve Sos 245gr Ranch,89.9
Calve Sos 290gr Barbekü,89.9
Kenton Sos Çikolata Aşkı 128gr,64.9
Barilla Sos 190gr Pesto Genovese,169.9
Barilla Sos 400gr Basılıco,169.9
Knorr Çabuk Çorba Mercimek 22gr,15.9
Dr.oetker Bitter Çikolatalı Sos 122gr,52.13
Knorr Bulyon 6lt Et 12li,49.9
Knorr Bulyon 12lt Et 24lü,93.0
Knorr Bulyon 12lt Tavuk 24lü,93.0
Knorr Bulyon 3lt Et 6lı Tablet,29.9
Knorr Bulyon 6lt Tavuk 12li,49.9
Knorr Bulyon 3lt Tavuk 6lı Tablet,29.9
Knorr Kls.çorba Mercimek 76gr,29.95
Knorr Çabuk Çorba Kremalı Mantar 19gr,15.9
Knorr Çabuk Çorba Ezogelin 22gr,15.9
Knorr Çabuk Çorba Kremalı Tavuk 18gr,15.9
Knorr Kls.çorba Kr.domates 69gr,29.95
Knorr Kls.çorba Kr.tavuk 65gr,29.95
Knorr Kls.çorba Tarhana 65 Gr,29.95
Knorr Kls.çorba Kr.mantar 63gr,29.95
Knorr Kls.çorba Şehr.tavuk 51gr,29.95
Knorr Kls.çorba Yayla 72gr,29.95
Knorr Kls.çorba Ezogelin 65gr,29.95
Knorr Kls.çorba Işkembe 65gr,29.95
Pınar Hardal 175 Gr Cam,127.0
Knorr Makarna Sos Domates Spg.bolonez 45gr,59.9
Knorr Makarna Sos Truf Mantarlı 52gr,59.9
Knorr Harç Beşamel Sos 70gr,59.9
Knorr Makarna Sos Fesleğenli 50gr,59.9
Knorr Makarna Sos Peynirli 50gr,59.9
Dana Tranç,1200.0
Dana Ekonomik Kuşbaşı Kg,1150.0
Dana Kuşbaşı,1150.0
Dana Kasap Köfte Kg,869.9
Dana Haşlamalık Kemikli Kg,850.0
Dana Et Sotelik,1250.0
Dana Döş (kıyma),799.9
Dana Antrikot,1950.0
Kuzu Gerdan Haşlama Kg,895.0
Kuzu Lokum Kg,1290.0
Dana Biftek Kg,1250.0
Dana Osobuko Kg,810.0
Kuzu Incik Kg,999.9
Dana Kontrafile Kg,1434.95
Dana Jülyen,1250.0
Dana Bonfile,2095.0
Kuzu Kapama,1100.0
Kuzu Pirzola,2100.0
Kuzu Kuşbaşı,1290.0
Kuzu Külbastı,1690.0
Kuzu Kol,1100.0
Kuzu But,1250.0
Haspiliç Tabaklı Kalçalı But Kg,124.9
Haspiliç Tavuk Tabaklı Bonfile Kg,269.9
Haspiliç Tabak Kanat Izgara Kg,284.9
Haspiliç Tabak Baget Kg,149.9
Ahmet Ipek Döner 200gr Dana Pişmiş,199.9
Namet 7/24 Piliç Füme 50gr,33.9
Namet 7/24 Hindi Salam Fıstıklı 50gr,33.9
Polonez Sucuk 200gr Dana,360.0
Balıkye Bando Türk Donuk Somon Dilim 500gr,395.0
Balıkye Bando Hamsi Vide 1000gr   (temizlenmiş),267.0
Balıkye Bando Levrek Vide 650gr   (temizlenmiş),569.9
Danet Geleneksel 300gr Fermente Sucuk,349.9
Polonez 150gr Xl Hindi Füme,159.0
Namet 7/24 Hindi Sosis 140gr,57.9
Namet Sucuk 200gr Dana Kangal Iig,219.9
Pınar Hindi Sosis 430gr Uzun,204.9
Çapanoğlu Pastırma Antrikot Kg,2490.0
Çapan Kavurma Kg,2595.0
Danet Kavurma 100gr Dilimli,229.9
Tavuk Dökme But Kalçalı Kg,79.9
Fırtına Boşnak Usulü Dana Kuru Et Kg,3500.0
Pınar Aç Bitir Hindi Salam 60gr Büyük Dilim,29.95
Maret Sosis Afiyetle 200gr Kokteyl,199.9
Maret Afiyetle 200gr Dana Sucuk,239.9
Cumhuriyet Sucuk 300gr Kangal,599.9
Namet Döner 200gr Dana Pişmiş,229.9
Balıkye Bando Tereyağlı Karides Güveç 400gr,215.0
Balıkye Bando Levrek Kavurma Güveç 400gr,425.0
